team_name,team_id,elo,matches_played
Tundra Esports,8291895,1957.38,246
Team Liquid,2163,1889.42,226
Team Yandex,9823272,1872.54,235
Aurora Gaming,9467224,1860.9,258
Team Spirit,7119388,1820.2,198
PARIVISION,9572001,1797.82,153
Uzumaki,9381131,1785.8,119
Xtreme Gaming,8261500,1774.22,212
Perú Rejects,9885130,1752.37,123
HEROIC,9303484,1750.48,194
BetBoom Team,8255888,1734.37,206
Yellow Submarine,2576071,1719.58,275
Team Falcons,9247354,1718.43,224
Рязань-ВДВ,9482900,1716.63,18
Natus Vincere,36,1713.56,171
_PowerRangers,55,1703.41,87
Somos Nós a Justiça,9744330,1700.61,19
GLYPH,10081680,1689.19,23
Zero Tenacity,9600141,1687.97,327
Team Sangre,8835624,1683.26,24
52turbo,9477537,1683.02,26
MOUZ,9338413,1680.95,305
Team Lynx,9928636,1677.54,153
L1GA TEAM,9303383,1673.29,315
Fortnite,9054352,1671.48,30
CHEFBRAND TEAM,9850048,1665.82,18
Vici Gaming,726228,1663.95,69
Reels Royce,6905300,1662.18,14
捕畜小分队,9824806,1645.76,19
WIN,9600942,1643.07,10
1w Team,9255039,1638.97,225
eSpoiled,9814008,1638.75,172
100MMR,9829468,1637.95,19
Estar Backs,9678463,1637.9,111
GamerLegion,9964962,1636.86,101
Стак который ебет,9818882,1636.23,14
Stariy_Bog,9957138,1633.35,12
Ягодки,9849484,1632.51,16
Team Yakuza,9824497,1631.25,59
BloodyRose,9729767,1630.97,196
Kalmychata,9850944,1627.69,64
Myth Avenue Gaming,9538207,1627.02,9
Nethercore,9593609,1626.91,571
Spartans,9033695,1624.02,9
loodowolfs,9949210,1623.35,40
Ghost Sheep,9636142,1623.25,64
Team stariy bog,10088088,1622.16,16
BULDOZER,9824555,1620.48,25
Rune Eaters,9895247,1619.68,288
TEAM NEXT LEVEL,9790546,1619.22,77
повер ренджерс,9455993,1618.47,42
teamMopsi,9867013,1616.91,13
paiN Gaming,67,1616.06,38
Ballas,9957513,1615.65,23
Rottweilas,10000352,1614.81,27
Ghost Sheep,8831040,1614.7,644
Unknown,8795162,1612.78,10
meow meow,8443160,1612.1,10
Elite Eclipse,9878408,1611.42,99
Nigma Galaxy,7554697,1610.45,161
OG,2586976,1610.22,211
Runa Team,9758040,1609.97,242
Dominion,9839211,1609.48,83
Ji est'',9834249,1608.79,12
Team Public,9956508,1608.76,48
Team Nemesis,9691969,1603.56,112
哈哈先生,9776488,1602.94,30
Team Yakuza,9819437,1602.36,7
Team Tea,9885667,1602.31,98
山东好男人,9849814,1602.21,13
YG,9261979,1601.68,9
Team Tidebound,9640842,1599.78,107
Unknown,8849837,1598.69,321
KPFU-1,9916737,1597.91,8
Yangon Galacticos,9546449,1596.44,36
Shinigami Gaming,9677506,1595.46,78
MBA,9476618,1595.12,18
Midas Club,7913999,1594.75,19
Eye Gaming,9860197,1593.03,30
chandogs,9973579,1592.67,8
BloodyRose,10095351,1592.41,9
Nova Pulse,9767998,1591.38,975
Chimpanzini Bananini,1725846,1591.21,18
Night Force,9768243,1590.56,1001
Dynamo,9887333,1589.11,23
Farmadores de Aura,8513223,1589.01,20
4eZaPuCи,9956444,1587.19,11
gazovatorbl,9664371,1587.17,8
Panda5,8080754,1585.04,6
Team Aureus,9885654,1584.0,60
Nemiga Gaming,5014799,1583.88,170
Dexterity,7856045,1582.36,7
Suhariki,9928121,1581.99,5
DAVDDCLUB,9964743,1581.09,16
FLIPSTER TALON,9766941,1578.82,16
Flame esports,10061446,1578.52,7
Unknown,9658461,1578.2,9
pangolier s javelinom,8732399,1577.55,5
Illugi,9641437,1577.27,22
миумиу|>.<,9966313,1577.25,5
Unknown,10014266,1576.67,11
Unknown,10041175,1575.14,5
Unknown,9724428,1574.96,68
Unknown,9800464,1574.44,5
Shinigami Gaming,9886115,1573.81,72
Design Machine,8893663,1573.8,7
Unknown,9824755,1573.38,26
Unknown,8850016,1573.26,52
Easy Gaming,8638867,1573.21,10
Unknown,9782864,1572.67,9
tearlaments,9699158,1572.57,25
Yakult Brothers,9351740,1571.89,181
Unknown,9427324,1571.66,5
KUKUYS,9885888,1571.28,34
PlayTime,10020555,1571.25,23
Unknown,9005364,1571.19,92
Unknown,10075251,1570.71,10
Unknown,9678518,1569.36,45
Unknown,9855297,1568.39,59
VP.Prodigy,9872558,1567.86,146
Unknown,10040534,1567.78,17
Unknown,9545682,1567.73,7
Virtus.pro,9895392,1567.66,135
Unknown,10095079,1567.0,6
Nethercore,9759368,1566.69,13
GOTF eSports,9426457,1565.33,4
Unknown,9938549,1564.59,4
Pipsqueak+4,9872667,1564.01,228
Unknown,9974349,1563.72,8
Unknown,9455814,1563.31,23
 Team HaliFFat,8415816,1563.13,6
Unknown,9996294,1561.08,4
Unknown,9905617,1560.72,9
The goal of all life is death,9315393,1560.71,13
Unknown,9956696,1560.71,16
barsa,8621525,1560.57,6
Unknown,10000165,1560.49,4
Unknown,9466201,1560.02,7
Unknown,9965502,1559.57,5
Unknown,8971308,1559.11,97
Most Wanted,9928746,1558.7,151
Unknown,9850400,1558.64,15
Unknown,2885851,1558.16,11
Unknown,9839394,1557.24,30
Unknown,9878333,1557.17,61
Unknown,9879291,1556.99,42
Unknown,9766927,1556.92,84
VERTEX PACK,8849833,1556.57,151
Unknown,9466871,1555.88,13
Unknown,9743822,1555.55,64
Unknown,9905428,1555.54,6
Unknown,10088089,1555.27,15
Unknown,8629005,1554.88,991
Unknown,9956876,1554.73,14
Unknown,9989179,1554.69,71
Unknown,9844313,1554.04,15
Unknown,9916669,1553.65,8
Unknown,9865903,1552.27,140
Unknown,9917660,1552.15,3
Unknown,10055182,1551.8,3
Unknown,9829359,1551.74,22
Unknown,9629413,1550.77,14
Unknown,9995737,1550.7,54
Unknown,9834431,1550.67,27
Unknown,9867056,1550.58,9
Unknown,9884944,1550.1,47
Unknown,9988580,1550.01,3
Unknown,9651926,1548.95,5
Unknown,10060294,1548.95,3
Unknown,10014172,1548.87,7
Unknown,9577698,1548.86,10
Unknown,1105111,1547.99,3
Unknown,10001541,1547.94,26
Unknown,5591072,1547.88,5
Unknown,9956358,1547.85,11
Unknown,8815740,1547.84,5
ХЕЙТЕРЫ ПОЛИНЫ ,6165106,1547.81,9
Unknown,10020163,1547.51,13
Unknown,9767951,1547.43,55
Unknown,9819364,1547.26,3
Unknown,9769066,1547.19,11
Unknown,9257546,1547.07,3
Unknown,10019084,1546.87,3
Execration,8254145,1546.76,132
Unknown,9408371,1546.71,3
Unknown,9814671,1546.47,3
Unknown,9839382,1546.45,22
Oshi hi teo Gaming,7777322,1546.43,9
Unknown,9824563,1545.88,15
Unknown,9773691,1545.87,61
BB Team,9131584,1545.3,26
Unknown,9499049,1545.13,8
Unknown,9872283,1544.74,3
Unknown,9750620,1544.54,3
Unknown,1360586,1544.46,3
Unknown,9615359,1544.38,3
Unknown,9866145,1544.17,89
Unknown,9444453,1543.96,11
Unknown,9820361,1543.5,196
Unknown,8969258,1543.48,4
Unknown,10000533,1543.29,7
Unknown,9736532,1543.22,3
Unknown,10020461,1542.94,5
Unknown,10027376,1542.64,17
Unknown,9564888,1542.13,56
Unknown,8697185,1542.09,27
Unknown,10054769,1542.08,23
Unknown,9895699,1542.06,9
Unknown,9722964,1541.96,13
Unknown,9780800,1540.67,43
Unknown,9025669,1540.37,330
Unknown,9957137,1539.98,5
Unknown,9579022,1539.65,31
Unknown,9838882,1539.41,21
Unknown,9729268,1539.08,567
Unknown,10000094,1538.8,14
Unknown,9461271,1538.12,19
Unknown,9017726,1537.88,6
Unknown,9818956,1537.81,12
Unknown,8879077,1537.79,302
Unknown,9699549,1537.71,5
Unknown,8750109,1537.66,5
Unknown,10020690,1537.61,13
Unknown,9866035,1537.22,5
Unknown,8795147,1537.2,13
Unknown,9849678,1536.08,18
Unknown,7389208,1535.82,8
Unknown,9736042,1535.42,2
Unknown,10101464,1534.87,3
Unknown,9865990,1534.73,9
Unknown,8292180,1534.39,2
Unknown,9780786,1534.36,8
Unknown,10054916,1534.16,2
Unknown,9517816,1534.08,10
Unknown,9793368,1533.48,22
Unknown,8864057,1533.33,2
Unknown,9878988,1533.32,4
Unknown,9628378,1533.21,2
Unknown,10075106,1533.21,2
Unknown,9538630,1532.81,8
Unknown,9492845,1532.7,2
Unknown,7700496,1532.64,4
Unknown,8188534,1532.58,4
Unknown,9948998,1532.41,6
Unknown,9395676,1532.36,2
Unknown,9843861,1532.3,15
Unknown,8229982,1532.01,2
Unknown,9017213,1531.96,4
Unknown,9691322,1531.93,2
Unknown,9408199,1531.93,2
Unknown,9545354,1531.93,8
Unknown,10008067,1531.71,16
Unknown,9063145,1531.71,4
Unknown,8849966,1531.53,15
Unknown,9063293,1531.51,4
Unknown,1986857,1531.5,2
Unknown,9750327,1531.33,2
Unknown,9907018,1531.3,2
Unknown,9098393,1531.26,2
Unknown,9829366,1531.26,2
Unknown,9664779,1531.26,2
Unknown,9878169,1531.26,2
Unknown,9352048,1531.26,2
Unknown,10014271,1531.26,2
Unknown,9781824,1531.2,2
StrongBoys,10033620,1531.11,49
Unknown,9916228,1531.04,6
Unknown,9906769,1530.83,4
Unknown,9032374,1530.59,2
Unknown,10048511,1530.58,11
Unknown,9498329,1530.56,4
Unknown,9019074,1530.53,2
Unknown,9424879,1530.53,2
Unknown,9879163,1530.53,2
Unknown,9704788,1530.53,2
Unknown,9917393,1530.53,2
Unknown,10074637,1530.34,7
Team Invictus,9759380,1530.29,15
Unknown,9691942,1530.17,233
Unknown,10020691,1530.13,10
Unknown,7850708,1530.0,9
Unknown,9471746,1529.93,25
Unknown,9586554,1529.8,2
Unknown,9517326,1529.76,8
Unknown,9860752,1529.52,18
Unknown,9843235,1529.5,26
Unknown,10007804,1528.73,9
Unknown,9829263,1528.52,20
Unknown,9895542,1528.39,6
Unknown,9849447,1528.36,4
Unknown,8878312,1528.29,2
Unknown,9829410,1528.19,31
Unknown,9855041,1528.09,10
Unknown,9980659,1528.06,2
Unknown,10046755,1528.05,6
Unknown,8494848,1528.01,122
Unknown,9906414,1527.94,2
Unknown,9844773,1527.92,10
Unknown,9776500,1527.87,2
Unknown,9799439,1527.76,12
Unknown,9843975,1527.68,22
BOOM Esports,7732977,1527.66,75
Unknown,8987220,1527.6,241
Unknown,9844322,1527.49,14
Unknown,9964701,1527.48,12
Unknown,9897021,1527.26,6
Unknown,10053515,1526.81,17
Unknown,9878494,1526.72,757
Unknown,9791482,1526.5,15
Unknown,9579337,1526.25,23
Unknown,7258250,1526.2,4
Unknown,7818637,1526.01,25
Unknown,10088186,1525.8,5
Unknown,9839292,1525.34,10
Unknown,10026948,1525.31,13
Unknown,9563873,1525.22,76
Unknown,10094688,1524.84,5
Unknown,9006126,1524.66,7
Unknown,9894600,1523.97,8
Unknown,10000118,1523.48,16
Unknown,9818906,1523.33,12
Unknown,10033415,1523.31,4
Unknown,9850981,1523.22,10
Unknown,9622426,1522.66,82
Unknown,8737621,1522.62,1
Unknown,9716330,1522.18,10
Unknown,9855042,1521.8,9
Unknown,10014572,1521.77,2
Unknown,10081473,1521.77,6
Unknown,9824693,1521.36,20
Nethercore,9692104,1521.32,3
Unknown,9964460,1521.27,7
Unknown,9879000,1521.25,3
Unknown,9948718,1521.22,10
Unknown,9812736,1520.87,14
Unknown,9844095,1520.52,6
Unknown,9717829,1520.37,1
Unknown,9545782,1520.23,51
Unknown,9545569,1520.13,11
Unknown,9917833,1519.75,5
Unknown,9850095,1519.53,13
Unknown,8733475,1519.41,1
Unknown,9812738,1519.34,3
Unknown,10068191,1519.33,3
Unknown,9982405,1519.15,1
Unknown,9395679,1519.04,1
Unknown,9872269,1518.86,7
PARIVISION,9824702,1518.41,43
Unknown,9956929,1518.33,11
Unknown,9886627,1518.24,3
Unknown,9980846,1518.21,1
Unknown,9972606,1518.01,3
Unknown,9677329,1517.9,3
Unknown,9200965,1517.72,1
Unknown,9956454,1517.7,1
Unknown,9758117,1517.7,1
Unknown,8545250,1517.52,1
Unknown,9628721,1517.37,19
Unknown,10026722,1517.37,16
Unknown,10020223,1517.03,3
Unknown,10061470,1516.79,1
Unknown,10002264,1516.77,1
Unknown,8375757,1516.77,1
Unknown,8945087,1516.74,1
Unknown,7595718,1516.74,1
Unknown,9033260,1516.74,1
Unknown,9867098,1516.74,1
Unknown,9887337,1516.74,1
Unknown,9148992,1516.71,1
Unknown,10074449,1516.7,1
Unknown,9467957,1516.67,1
Unknown,9966276,1516.67,3
Unknown,9579095,1516.61,3
Unknown,9964532,1516.6,1
Unknown,9657787,1516.48,1
Unknown,9622167,1516.41,1
Unknown,10000177,1516.39,5
Unknown,9530058,1516.26,1
Unknown,10019820,1516.24,11
Unknown,9615127,1516.19,3
Unknown,1876168,1516.16,1
Unknown,9784901,1516.14,7
Unknown,10067679,1516.12,5
Unknown,9939448,1516.07,1
Unknown,9989083,1516.02,1
Unknown,9467170,1516.0,1
МГАФК,8936568,1516.0,1
Unknown,9635179,1516.0,1
Unknown,2253901,1516.0,1
Unknown,8414489,1516.0,1
Unknown,9829217,1516.0,1
Unknown,8475064,1516.0,1
Unknown,6092398,1516.0,1
Unknown,1498062,1516.0,1
Unknown,8794672,1516.0,1
Unknown,8309651,1516.0,1
Unknown,9699222,1516.0,1
Unknown,9886012,1516.0,1
Unknown,9815118,1516.0,1
Unknown,9635484,1516.0,1
Unknown,9887340,1516.0,1
Unknown,8675758,1516.0,1
Unknown,9344305,1516.0,1
Unknown,8437732,1516.0,5
Unknown,7532649,1516.0,1
Unknown,6519968,1516.0,1
Unknown,8711504,1516.0,1
Unknown,9799984,1516.0,1
Unknown,9460833,1516.0,1
Unknown,8048700,1516.0,1
Unknown,3787312,1516.0,1
Unknown,10015062,1516.0,1
Unknown,9792913,1516.0,1
Unknown,9104159,1516.0,1
Unknown,9785558,1516.0,1
Unknown,2738555,1516.0,1
Unknown,9080216,1516.0,1
Unknown,9947902,1516.0,1
Unknown,9823905,1516.0,1
Unknown,8373723,1516.0,1
Unknown,8911066,1516.0,1
Unknown,10019802,1516.0,1
Unknown,8357778,1516.0,1
Unknown,9767280,1516.0,1
GodGenesis,2833068,1516.0,1
Unknown,9958045,1516.0,1
Unknown,8936878,1516.0,1
Unknown,9476603,1516.0,1
Unknown,8588996,1516.0,1
Unknown,8047718,1516.0,1
Unknown,9032319,1516.0,1
Unknown,8334580,1516.0,1
Unknown,9989801,1516.0,1
Unknown,9866491,1516.0,1
Unknown,6538598,1516.0,1
Unknown,9554906,1516.0,1
Unknown,9546398,1516.0,1
Unknown,9602146,1516.0,3
Unknown,9775418,1516.0,1
Unknown,9230920,1516.0,1
Unknown,9997052,1516.0,1
Unknown,9736352,1516.0,1
Unknown,2704744,1516.0,1
Unknown,9956456,1515.99,5
Unknown,10060322,1515.98,1
Unknown,10094706,1515.97,1
Unknown,8638911,1515.93,1
Unknown,2918965,1515.84,1
Unknown,1376608,1515.79,3
Unknown,9917512,1515.76,9
Unknown,9965820,1515.67,5
Unknown,10060935,1515.39,1
Unknown,3703112,1515.33,1
Unknown,9532105,1515.3,3
Unknown,9855039,1515.29,11
Unknown,2905180,1515.26,3
Unknown,9302515,1515.26,1
Unknown,9425776,1515.26,1
Unknown,8262678,1515.26,1
Unknown,10047455,1515.26,1
Unknown,10040773,1515.26,1
羊村,1665758,1515.2,1
Unknown,9806441,1515.17,3
Unknown,9547315,1515.17,3
Unknown,8839009,1515.12,1
Unknown,10055023,1515.11,1
Unknown,9054301,1515.04,5
Unknown,9627653,1515.01,1
Unknown,9461694,1514.88,3
Unknown,9819040,1514.81,5
Unknown,9621799,1514.76,1
Unknown,10066960,1514.74,1
Unknown,9395426,1514.69,1
Unknown,9895818,1514.63,51
Unknown,9710978,1514.6,1
Unknown,9736566,1514.56,3
Unknown,9872628,1514.56,3
Unknown,9885816,1514.37,3
Unknown,9973591,1514.23,9
Unknown,9724426,1514.1,11
Unknown,9698155,1514.09,1
Unknown,9530233,1514.06,1
REKONIX,9828897,1513.97,189
Unknown,9966294,1513.89,3
Unknown,9824874,1513.88,5
Unknown,8965331,1513.88,33
Unknown,9894876,1513.85,3
Unknown,9995849,1513.74,5
Unknown,8599281,1513.56,7
Unknown,9964469,1513.4,7
Unknown,9879852,1513.27,230
Unknown,10060655,1513.1,1
Unknown,9006709,1513.09,5
Unknown,9897031,1513.03,21
Unknown,9973656,1513.0,53
Unknown,8526911,1512.89,3
Unknown,9895705,1512.81,5
Unknown,9678368,1512.77,3
Unknown,9957959,1512.57,5
Unknown,10081431,1512.55,21
Unknown,9730490,1512.45,42
Unknown,9878437,1512.39,1
Unknown,9718665,1512.37,146
Unknown,7917893,1512.34,140
Unknown,9444343,1512.32,1
Unknown,9466445,1512.11,15
Unknown,9834154,1512.07,13
Unknown,9878463,1511.86,1
Unknown,8965054,1511.64,30
Unknown,8629315,1511.62,988
Unknown,10040599,1511.36,3
Unknown,10008515,1511.17,3
Unknown,9906210,1511.09,26
Unknown,9860573,1510.42,37
Unknown,9677513,1510.38,22
Unknown,10101462,1510.15,1
Unknown,9939562,1510.14,5
Unknown,9885310,1510.0,122
Unknown,9824920,1509.97,11
Unknown,9467580,1509.89,3
Unknown,9829573,1509.86,1
Unknown,9482420,1509.75,14
Unknown,8360370,1509.58,9
Unknown,10039784,1509.46,8
Unknown,9855778,1509.15,2
Unknown,9844319,1509.03,9
Unknown,10075108,1509.03,8
Unknown,9872350,1508.96,18
Unknown,9563020,1508.95,10
Unknown,9838696,1508.77,14
Unknown,2425246,1508.7,12
Unknown,9844316,1508.37,18
Unknown,10082589,1508.33,6
Unknown,9499252,1508.28,10
Unknown,10021199,1508.07,3
Unknown,9907731,1507.88,2
Unknown,9844276,1507.84,19
Unknown,9949250,1507.79,11
Unknown,10034151,1507.12,2
Unknown,10054177,1506.71,4
Unknown,10040688,1506.55,6
Unknown,9828997,1506.4,16
Unknown,9824681,1506.37,15
Unknown,9997048,1506.09,14
Unknown,9939700,1505.9,2
Unknown,9565375,1505.78,2
Unknown,9467284,1505.7,4
Unknown,10027124,1505.22,10
Unknown,9466524,1505.06,28
Unknown,9645832,1505.01,4
Unknown,10095068,1505.0,2
Unknown,10014596,1504.62,2
Unknown,9938251,1504.47,2
Unknown,8782928,1504.29,4
Unknown,5995305,1504.27,18
Unknown,9860485,1503.92,4
Unknown,10067419,1503.45,2
Unknown,9850962,1503.4,2
Unknown,9839207,1503.25,24
Unknown,9677559,1503.11,2
Unknown,5047804,1502.94,2
Unknown,9132931,1502.91,14
Unknown,9691418,1502.83,4
Unknown,9395453,1502.82,2
Unknown,9927562,1502.74,2
Unknown,9947912,1502.72,17
Unknown,8795152,1502.48,10
Eye Gaming,9476778,1502.45,3
Unknown,9872888,1502.27,20
Unknown,8335298,1502.21,8
Unknown,8629324,1502.19,235
Unknown,9949877,1502.19,2
Unknown,8821529,1502.14,2
Unknown,9426115,1502.11,1023
Unknown,10075107,1502.01,10
Unknown,10055138,1501.91,4
Unknown,7851527,1501.89,2
Unknown,9843926,1501.87,26
Unknown,9825384,1501.69,10
Unknown,10014708,1501.65,34
Unknown,9829857,1501.56,2
Unknown,9845418,1501.52,3
Unknown,10081504,1501.51,2
Unknown,9850213,1501.47,2
Unknown,9256580,1501.43,4
Unknown,9866621,1501.41,2
Unknown,9078940,1501.36,13
Unknown,8419968,1501.22,2
Unknown,9965409,1501.21,2
Unknown,9225431,1501.06,3
Unknown,6236467,1501.01,2
Apex Genesis,9381678,1500.91,2
Unknown,9208688,1500.86,2
Unknown,9938298,1500.83,2
Unknown,10014531,1500.8,4
Unknown,9607959,1500.77,2
Unknown,10040548,1500.76,2
Unknown,9840219,1500.74,2
Unknown,9894764,1500.74,2
Unknown,8993358,1500.74,2
Unknown,7236452,1500.71,2
Unknown,9838591,1500.7,2
Unknown,9894730,1500.65,6
Unknown,8795230,1500.56,10
Unknown,9948492,1500.26,20
Unknown,9679018,1500.25,2
Unknown,9879874,1500.23,2
Unknown,9705369,1500.16,2
Unknown,9829136,1500.15,2
Unknown,10074436,1500.1,2
Unknown,9628395,1500.09,2
Unknown,9861658,1500.03,2
Unknown,8461388,1500.03,2
Unknown,2647338,1500.02,6
Unknown,unknown_radiant,1500.0,0
Unknown,unknown_dire,1500.0,0
Unknown,9692448,1500.0,0
Unknown,9796481,1500.0,0
Unknown,9449607,1500.0,0
Unknown,9838992,1500.0,0
Unknown,9843923,1500.0,0
Unknown,9587034,1500.0,0
Unknown,9844175,1500.0,2
Unknown,9781085,1500.0,0
Unknown,9579700,1500.0,0
Unknown,9766040,1500.0,0
Unknown,28734,1500.0,0
Unknown,9080605,1500.0,0
Unknown,8374853,1500.0,0
Unknown,3721041,1500.0,0
Unknown,9794737,1500.0,0
Unknown,9238698,1500.0,0
Unknown,9878175,1500.0,0
Unknown,9717532,1500.0,0
Unknown,9886611,1500.0,0
Unknown,9309563,1500.0,0
Unknown,9887317,1500.0,0
Unknown,7958674,1500.0,0
Unknown,9886128,1500.0,0
Unknown,8811577,1500.0,0
Unknown,9884091,1500.0,0
Unknown,5165950,1500.0,0
Unknown,8726160,1500.0,0
Unknown,9893496,1500.0,0
Unknown,9828378,1500.0,0
Unknown,2882924,1500.0,0
Unknown,9894912,1500.0,0
Unknown,9885327,1500.0,0
Unknown,9554692,1500.0,0
Unknown,9878768,1500.0,0
Unknown,9879258,1500.0,0
Unknown,9444031,1500.0,0
Unknown,9773046,1500.0,0
Unknown,9352634,1500.0,0
Unknown,9736711,1500.0,0
Unknown,9798332,1500.0,0
Unknown,9895404,1500.0,0
Unknown,7355922,1500.0,0
Unknown,8098818,1500.0,0
Unknown,9710004,1500.0,0
Unknown,7684958,1500.0,0
Unknown,9940323,1500.0,2
Unknown,9498357,1500.0,0
Unknown,9981219,1500.0,0
Unknown,7438469,1500.0,0
Unknown,9989408,1500.0,0
Unknown,8301827,1500.0,0
Unknown,9556121,1500.0,0
Unknown,9240121,1500.0,0
Unknown,10014613,1500.0,0
Unknown,10014545,1500.0,2
Unknown,9938739,1500.0,0
Unknown,10013278,1500.0,0
Unknown,10007924,1500.0,0
Unknown,9607800,1500.0,0
Unknown,9764799,1500.0,0
Unknown,9187627,1500.0,0
Unknown,6211505,1500.0,0
Unknown,9752802,1500.0,0
Unknown,9373898,1500.0,0
Unknown,1381875,1500.0,0
Unknown,10013958,1500.0,0
Unknown,7033623,1500.0,0
Unknown,10020198,1500.0,0
Unknown,9232083,1500.0,0
Unknown,9729195,1500.0,0
Unknown,9838621,1500.0,0
Unknown,10020262,1500.0,0
Unknown,10020263,1500.0,0
Unknown,9834534,1500.0,0
Unknown,9524015,1500.0,0
Unknown,9996253,1500.0,0
Unknown,10020347,1500.0,0
Unknown,10026688,1500.0,0
Unknown,10026818,1500.0,0
Unknown,10019966,1500.0,0
Unknown,10026848,1500.0,0
Unknown,9937425,1500.0,0
Unknown,9980660,1500.0,0
Unknown,8956227,1500.0,0
Unknown,10026911,1500.0,0
Unknown,8455835,1500.0,0
Unknown,9168866,1500.0,0
Unknown,8282954,1500.0,0
Unknown,10027043,1500.0,0
Unknown,5112468,1500.0,0
Unknown,10027207,1500.0,0
Unknown,2477274,1500.0,0
Unknown,5191308,1500.0,0
Unknown,9150498,1500.0,0
Unknown,10026921,1500.0,0
Unknown,9844491,1500.0,0
Unknown,9195110,1500.0,0
Unknown,10027559,1500.0,0
Unknown,9757762,1500.0,0
Unknown,9069467,1500.0,0
Unknown,10041542,1500.0,0
Unknown,10048554,1500.0,0
Unknown,9394011,1500.0,0
Unknown,9989109,1500.0,2
Unknown,9785482,1500.0,2
Unknown,9938148,1500.0,0
Unknown,8745796,1500.0,0
Unknown,765148,1500.0,0
Unknown,9705515,1500.0,0
Unknown,10067854,1500.0,0
Unknown,3333605,1500.0,0
Unknown,9246160,1499.97,2
Unknown,10014334,1499.97,4
Unknown,9812613,1499.96,2
Unknown,9929984,1499.94,2
Unknown,9801128,1499.92,29
Unknown,5834400,1499.85,2
Unknown,9711402,1499.64,2
Unknown,9895999,1499.35,5
Unknown,9988133,1499.3,2
Unknown,8206234,1499.27,2
Unknown,9828764,1499.26,2
Unknown,7877837,1499.26,2
Unknown,9840245,1499.26,2
Unknown,7639789,1499.26,2
Unknown,9843950,1499.26,2
Unknown,9843915,1499.26,2
Unknown,9867084,1499.26,2
Unknown,9886498,1499.26,2
Unknown,9498334,1499.26,2
Unknown,7666141,1499.26,2
Unknown,9753866,1499.26,2
Unknown,10014382,1499.26,2
Unknown,10039832,1499.26,2
Unknown,9939575,1499.26,2
Unknown,10094698,1499.26,2
Unknown,10008212,1499.2,11
Unknown,8436085,1499.17,4
Unknown,10047934,1499.14,2
Unknown,9635581,1498.89,16
Unknown,9691783,1498.75,2
Unknown,9894997,1498.73,2
Unknown,9792401,1498.72,2
Unknown,9395378,1498.72,2
Unknown,9884825,1498.71,2
Unknown,9929661,1498.62,2
Unknown,10094686,1498.62,2
Unknown,9928175,1498.54,6
Unknown,2899475,1498.53,2
Unknown,9664713,1498.44,50
Unknown,10101292,1498.4,2
Unknown,9851005,1498.24,14
Unknown,9928163,1498.13,4
Unknown,9861642,1497.96,21
Unknown,9774239,1497.96,2
Unknown,9454808,1497.89,2
Unknown,9957298,1497.83,4
Unknown,10014579,1497.77,2
Unknown,9504944,1497.61,14
Unknown,9813102,1497.59,18
Unknown,9939126,1497.41,15
Unknown,9855013,1497.25,3
Unknown,9839798,1497.17,12
Unknown,10060654,1496.85,2
Unknown,9608323,1496.84,10
Unknown,9088071,1496.78,23
Unknown,10074564,1496.77,6
Unknown,9425656,1496.76,986
Unknown,877070,1496.59,2
Unknown,9938534,1496.58,6
Unknown,9929768,1496.35,4
Unknown,9691622,1496.35,6
Unknown,10067932,1496.32,2
Unknown,10067366,1496.18,4
Unknown,8680154,1496.09,2
Unknown,9824308,1496.05,29
Unknown,9948273,1495.58,9
Unknown,9844307,1495.4,15
Unknown,10075858,1495.23,3
Unknown,9498970,1494.98,179
Unknown,9894848,1494.88,2
Unknown,9872015,1494.87,4
Unknown,9956943,1494.24,11
Unknown,9736318,1494.06,17
Unknown,9956692,1494.0,6
Unknown,9838811,1493.83,5
Unknown,9823250,1493.65,43
Unknown,9397016,1493.4,67
Unknown,9600331,1493.27,9
Unknown,9956373,1493.18,7
Unknown,9710583,1492.75,11
Unknown,9472228,1492.53,7
Unknown,9860341,1491.59,2
Unknown,9885338,1491.53,29
Unknown,8849817,1491.45,131
Unknown,9980558,1491.36,5
Unknown,10020218,1491.12,1
Unknown,9505989,1491.05,3
Unknown,9751913,1491.03,1
Unknown,9894581,1490.95,3
Unknown,5956925,1490.74,5
Unknown,2447560,1490.71,1
Unknown,10054632,1490.61,1
Unknown,6465449,1490.49,1
Unknown,9834160,1490.47,3
Unknown,9614636,1490.47,1
Unknown,2114225,1490.37,5
Unknown,10020527,1490.34,3
Unknown,9973477,1490.15,303
Unknown,7587797,1490.12,4
Unknown,9729658,1490.05,1
Unknown,8944230,1490.03,47
Unknown,9885643,1490.0,11
Unknown,4086533,1489.84,1
Unknown,9849540,1489.83,13
Unknown,9481730,1489.8,9
Unknown,9627650,1489.8,7
Unknown,9879177,1489.79,3
Unknown,2116622,1489.73,1
Unknown,9774235,1489.57,1
Unknown,9641056,1489.5,4
Unknown,9866822,1489.36,4
Unknown,10013909,1489.13,1
Unknown,10054226,1488.94,7
Unknown,9628678,1488.93,37
Elite Eclipse,9440022,1488.87,3
Unknown,9555752,1488.87,3
Unknown,9828848,1488.85,3
Unknown,10054744,1488.84,1
Unknown,9264050,1488.74,3
Unknown,9878091,1488.66,3
Unknown,9493583,1488.61,7
Unknown,9973207,1488.58,1
Unknown,8550526,1488.38,1
Unknown,9886030,1488.32,27
Unknown,9482212,1488.25,1
Unknown,9806904,1488.13,1
Unknown,9799249,1488.12,1
Unknown,9699355,1488.08,3
Unknown,9678484,1487.68,3
Unknown,9839451,1487.63,12
Unknown,9885635,1487.53,1
Unknown,9225524,1487.47,1
Unknown,9849465,1487.37,63
Unknown,9996052,1487.35,3
Unknown,581153,1487.33,5
Unknown,9965377,1487.2,2
Unknown,9949725,1487.2,1
Unknown,9684435,1487.2,3
Unknown,10034463,1487.13,4
Unknown,9885926,1486.96,5
Unknown,10101336,1486.89,1
Unknown,10026842,1486.81,1
Unknown,8239543,1486.76,1
Unknown,8835585,1486.76,1
Unknown,10061609,1486.73,1
Unknown,9939082,1486.68,10
Unknown,1995041,1486.65,1
Unknown,9947748,1486.65,1
Unknown,8993427,1486.6,18
Unknown,10067570,1486.59,19
Unknown,10074801,1486.5,3
Unknown,10033493,1486.43,5
Unknown,9409011,1486.38,7
Unknown,9792547,1486.34,1
Unknown,10007716,1486.24,1
Unknown,2735224,1486.13,1
Unknown,10026858,1486.13,1
Unknown,9752757,1486.13,1
Unknown,9834026,1486.12,15
Unknown,9749789,1486.11,3
Unknown,10026684,1486.1,1
Unknown,10067489,1486.08,1
Unknown,10020214,1485.98,3
Unknown,10060230,1485.9,1
Unknown,10067598,1485.88,36
Unknown,2232219,1485.8,3
Unknown,8741316,1485.75,3
Unknown,9824009,1485.72,3
Unknown,9886567,1485.69,1
Unknown,4001390,1485.61,1
Unknown,8850100,1485.59,93
Unknown,9138062,1485.54,1
Unknown,9850398,1485.5,3
Unknown,10074432,1485.5,1
Unknown,9628315,1485.49,3
Unknown,4651670,1485.47,1
Unknown,9927528,1485.47,1
Unknown,10075845,1485.47,3
Unknown,9760502,1485.44,1
Unknown,9806451,1485.44,1
Unknown,9896000,1485.44,1
Unknown,9207830,1485.43,1
Unknown,10019990,1485.41,1
Unknown,9916311,1485.4,1
Unknown,9780897,1485.4,3
Unknown,9127045,1485.37,1
Unknown,9724959,1485.35,1
Unknown,1497925,1485.34,1
Unknown,10015066,1485.32,11
Unknown,9948986,1485.23,5
Unknown,10032769,1485.22,1
Unknown,9658455,1485.21,13
Unknown,9918662,1485.19,3
Unknown,9865944,1485.17,3
Unknown,10061584,1485.11,1
Unknown,9488373,1485.05,1
Unknown,9659381,1484.97,3
Unknown,8750315,1484.96,3
Unknown,9954517,1484.94,17
Unknown,9316996,1484.9,3
Unknown,9988277,1484.89,1
Unknown,9656911,1484.85,1
Unknown,9905487,1484.8,1
Unknown,9995513,1484.8,1
Unknown,10061798,1484.8,1
Unknown,10068369,1484.8,1
Unknown,9774222,1484.79,5
Unknown,10000181,1484.79,1
Unknown,5204560,1484.77,1
Unknown,2764637,1484.77,1
Unknown,9844272,1484.77,3
Unknown,358946,1484.77,1
Unknown,8580631,1484.77,1
Unknown,9487790,1484.74,1
Unknown,9563702,1484.74,1
Unknown,8406472,1484.74,1
Unknown,9670205,1484.74,1
Unknown,9844632,1484.74,1
Unknown,9819532,1484.74,3
Unknown,9885086,1484.74,1
Unknown,9867026,1484.74,1
Unknown,9906015,1484.74,1
Unknown,9615068,1484.74,1
Unknown,9144947,1484.74,1
Unknown,9965812,1484.74,1
Unknown,9995507,1484.74,1
Unknown,10032750,1484.74,1
Unknown,9628896,1484.74,1
Unknown,9194912,1484.74,1
Unknown,9270895,1484.73,1
Unknown,9905934,1484.7,1
Unknown,9607546,1484.7,1
Unknown,10034353,1484.7,3
Unknown,10074968,1484.69,1
Unknown,9844598,1484.68,354
Unknown,9467002,1484.65,1
Unknown,8855382,1484.65,1
Unknown,9461701,1484.64,1
Unknown,10047507,1484.57,1
Unknown,10054495,1484.55,1
Unknown,10087967,1484.39,3
Unknown,9692731,1484.33,3
Unknown,9885818,1484.33,1
Unknown,9216762,1484.33,1
Unknown,10020201,1484.31,3
Unknown,9628426,1484.24,1
Unknown,9512885,1484.21,1
Unknown,9894925,1484.2,1
Unknown,9828770,1484.16,1
Unknown,9230036,1484.13,1
Unknown,10088881,1484.13,1
Unknown,9511468,1484.1,1
Unknown,9691974,1484.08,1
Unknown,9957119,1484.07,3
Unknown,10061304,1484.06,1
Unknown,9608685,1484.05,1
Unknown,9840232,1484.03,3
Unknown,9518160,1484.03,1
Unknown,6092445,1484.03,1
Unknown,9729895,1484.03,1
Unknown,10007737,1484.01,5
Unknown,9792843,1484.0,1
Unknown,9833619,1484.0,1
Unknown,9142293,1484.0,1
Unknown,9830103,1484.0,1
Unknown,9818839,1484.0,1
Unknown,9833577,1484.0,1
Unknown,8392174,1484.0,1
Unknown,9834343,1484.0,1
Unknown,9798338,1484.0,1
Unknown,7577057,1484.0,1
Unknown,9814373,1484.0,1
Unknown,3718333,1484.0,1
Unknown,5241466,1484.0,1
Unknown,3345153,1484.0,1
Unknown,9793571,1484.0,1
Unknown,9782168,1484.0,1
Unknown,9843181,1484.0,1
Unknown,3341143,1484.0,1
Unknown,8814486,1484.0,1
Unknown,9360471,1484.0,1
Unknown,537515,1484.0,1
Unknown,6206874,1484.0,1
Unknown,2230418,1484.0,1
Unknown,9705228,1484.0,1
Unknown,7577337,1484.0,1
Unknown,9844062,1484.0,1
Unknown,9819982,1484.0,1
Unknown,9824459,1484.0,1
Unknown,2455812,1484.0,1
Unknown,1090323,1484.0,1
Unknown,9360916,1484.0,1
Unknown,9850626,1484.0,1
Unknown,9867082,1484.0,1
Unknown,9530502,1484.0,1
Unknown,9884844,1484.0,1
Unknown,736029,1484.0,1
Unknown,9237732,1484.0,1
Unknown,9814078,1484.0,1
Unknown,9878281,1484.0,1
Unknown,9884045,1484.0,1
Unknown,9887320,1484.0,1
Unknown,9791554,1484.0,1
Unknown,9849947,1484.0,1
Unknown,8213802,1484.0,1
Unknown,7266244,1484.0,1
Unknown,9768969,1484.0,1
Unknown,9499271,1484.0,1
Unknown,9886727,1484.0,1
Unknown,9879631,1484.0,1
Unknown,8842233,1484.0,1
Unknown,9492828,1484.0,1
Unknown,9885612,1484.0,1
Unknown,9894872,1484.0,1
Unknown,9894871,1484.0,1
Unknown,2517259,1484.0,1
Unknown,9137794,1484.0,1
Unknown,9812966,1484.0,1
Unknown,9897062,1484.0,1
Unknown,9897082,1484.0,1
Unknown,9572631,1484.0,1
Unknown,9905450,1484.0,1
Unknown,6822521,1484.0,1
Unknown,9461140,1484.0,1
Unknown,8855907,1484.0,1
Unknown,9564287,1484.0,1
Unknown,9579572,1484.0,1
Unknown,3816939,1484.0,1
Unknown,9532052,1484.0,1
Unknown,9906348,1484.0,1
Unknown,9927570,1484.0,1
Unknown,9927820,1484.0,1
Unknown,9949856,1484.0,1
Unknown,9965161,1484.0,1
Unknown,9966279,1484.0,1
Unknown,9741467,1484.0,1
Unknown,9972600,1484.0,1
Unknown,9482864,1484.0,1
Unknown,9947945,1484.0,1
Unknown,9692199,1484.0,1
Unknown,9989190,1484.0,1
Unknown,9556802,1484.0,1
Unknown,9210462,1484.0,1
Unknown,10007719,1484.0,1
Unknown,10008991,1484.0,1
Unknown,9823437,1484.0,1
Unknown,5682515,1484.0,1
Unknown,10014559,1484.0,1
Unknown,9981615,1484.0,3
Unknown,2040773,1484.0,1
Unknown,9798015,1484.0,1
Unknown,9387995,1484.0,1
Unknown,9996213,1484.0,1
Unknown,6796995,1484.0,1
Unknown,10020158,1484.0,1
Unknown,9939248,1484.0,1
Unknown,10008546,1484.0,1
Unknown,9964987,1484.0,1
Unknown,9168827,1484.0,1
Unknown,8421413,1484.0,1
Unknown,10020343,1484.0,1
Unknown,9965140,1484.0,1
Unknown,10026902,1484.0,1
Unknown,10026894,1484.0,1
Unknown,10026904,1484.0,1
Unknown,9927451,1484.0,1
Unknown,3820521,1484.0,1
Unknown,8136246,1484.0,1
Unknown,10026905,1484.0,1
Unknown,10026919,1484.0,1
Unknown,9797678,1484.0,1
Unknown,8139189,1484.0,1
Unknown,9270025,1484.0,1
Unknown,10032765,1484.0,1
Unknown,7305277,1484.0,1
Unknown,10007127,1484.0,1
Unknown,10033465,1484.0,1
Unknown,2576151,1484.0,1
Unknown,9861098,1484.0,1
Unknown,10035636,1484.0,1
Unknown,9302647,1484.0,1
Unknown,10027382,1484.0,1
Unknown,9860568,1484.0,1
Unknown,9394862,1484.0,1
Unknown,9716873,1484.0,1
Unknown,9449381,1484.0,1
Unknown,9224310,1484.0,1
Unknown,9651791,1484.0,1
Unknown,10061895,1484.0,1
Unknown,9895720,1484.0,1
Unknown,10061897,1484.0,1
Unknown,10061461,1484.0,1
Unknown,10061896,1484.0,1
Unknown,10061370,1484.0,1
Unknown,8550915,1484.0,1
Unknown,9601396,1484.0,1
Unknown,10007913,1484.0,1
Unknown,9394988,1484.0,1
Unknown,9866160,1484.0,1
Unknown,9499502,1484.0,1
Unknown,10075863,1484.0,1
Unknown,9208404,1484.0,1
Unknown,10048361,1484.0,1
Unknown,9825368,1484.0,1
Unknown,9957994,1484.0,1
Unknown,9956940,1484.0,1
Unknown,9855673,1483.99,7
Unknown,9126378,1483.97,1
Unknown,8054970,1483.95,1
Unknown,10001699,1483.94,5
Unknown,9615442,1483.93,1
Unknown,9879313,1483.9,1
Unknown,9860649,1483.89,1
Unknown,9492934,1483.86,1
Unknown,10020401,1483.85,8
Unknown,10040580,1483.82,1
Unknown,1550066,1483.73,1
Unknown,10033469,1483.6,1
Unknown,9564441,1483.59,45
Unknown,9829319,1483.57,1
Unknown,9886510,1483.53,1
Unknown,10047640,1483.51,1
Unknown,9818938,1483.5,75
Unknown,9964991,1483.46,5
Unknown,9467336,1483.45,1
Unknown,10019843,1483.42,88
Unknown,9927796,1483.41,25
Unknown,2019689,1483.39,1
Unknown,9032628,1483.39,1
Unknown,9885999,1483.37,1
Unknown,8769787,1483.37,1
Unknown,4787005,1483.34,1
Unknown,9717978,1483.33,1
Unknown,9547756,1483.3,1
Unknown,9161830,1483.3,1
Unknown,9792479,1483.29,1
Unknown,9402586,1483.27,1
Unknown,9819594,1483.26,1
Unknown,9555871,1483.26,1
Unknown,9671098,1483.26,1
Unknown,9698717,1483.26,1
Unknown,9973024,1483.26,1
Unknown,6710632,1483.26,1
Unknown,9255960,1483.26,1
Unknown,10047495,1483.26,1
Unknown,10061863,1483.26,1
Unknown,9500277,1483.24,1
Unknown,10053510,1483.24,1
Unknown,9537839,1483.24,1
Unknown,10019962,1483.23,1
Unknown,944233,1483.2,1
Unknown,9462366,1483.2,1
Unknown,10095642,1483.2,1
Unknown,9525159,1483.19,1
Unknown,9684245,1483.18,29
Ghost Sheep,9492695,1483.14,1
Unknown,9886133,1483.13,1
Unknown,8805608,1483.06,1
Unknown,8168310,1483.04,1
Unknown,9789816,1483.0,1
Unknown,9791614,1482.94,1
Unknown,10068405,1482.84,3
Passion UA,9247798,1482.78,180
Unknown,9820366,1482.77,5
Unknown,7373486,1482.7,1
Unknown,9676581,1482.63,3
Unknown,9807629,1482.61,1
Unknown,9685840,1482.6,1
Unknown,9878354,1482.6,3
Unknown,6705421,1482.6,1
Unknown,9735315,1482.6,1
Unknown,9448938,1482.59,1
Unknown,10054767,1482.59,2
Unknown,7316426,1482.57,1
Unknown,9710058,1482.57,56
Unknown,8733354,1482.53,1
Unknown,2226177,1482.48,1
Unknown,9850177,1482.23,7
Unknown,9797818,1482.09,14
Unknown,981989,1482.07,1
Unknown,9981805,1482.03,1
Unknown,1287765,1482.0,1
Unknown,7653080,1481.94,188
Unknown,9710803,1481.87,7
Unknown,8945107,1481.78,1
Unknown,9894869,1481.77,9
Unknown,10014558,1481.76,3
Unknown,10014354,1481.66,9
Unknown,9957083,1481.65,11
Unknown,9997041,1481.56,13
Unknown,9705410,1481.56,1
Unknown,10054438,1481.55,13
Unknown,9916420,1481.53,12
Unknown,2873414,1481.51,3
Unknown,10014586,1481.49,3
Unknown,9730225,1481.47,8
Unknown,9710911,1481.46,6
Unknown,10095057,1481.35,5
Unknown,9819482,1481.31,1
Unknown,9586313,1481.29,1
Unknown,10026852,1481.21,1
Unknown,10075253,1480.91,9
Unknown,9839299,1480.88,10
Unknown,9956910,1480.74,9
Unknown,9539470,1480.72,1
Unknown,10075254,1480.6,7
Unknown,9525216,1480.51,9
Unknown,9564280,1480.44,1
Unknown,9833894,1480.03,9
Unknown,8713814,1479.92,1
Unknown,9729266,1479.87,1
Unknown,9150028,1479.83,32
Unknown,10020033,1479.69,4
Unknown,9906175,1479.35,5
Unknown,9948984,1479.26,5
Unknown,9939425,1479.09,2
Unknown,9887321,1479.03,1
Unknown,9956694,1478.91,8
Unknown,9866415,1478.83,12
Unknown,9844314,1478.77,14
Virtus.pro,9729720,1478.57,27
Unknown,9872217,1478.41,2
Unknown,10033514,1477.86,8
Unknown,1659632,1477.82,2
Unknown,10101293,1477.76,4
Unknown,9938757,1477.6,3
Unknown,9375700,1477.45,6
Unknown,10014276,1477.23,2
Unknown,8957156,1477.17,150
Unknown,9884977,1477.03,10
Unknown,9995506,1477.01,4
Unknown,9838812,1476.73,8
Unknown,10008027,1476.64,1
Unknown,10026986,1476.58,2
Unknown,9995697,1476.43,12
Unknown,9799036,1475.9,23
Unknown,8819921,1475.87,4
Unknown,9360232,1475.67,1
Talon,8597976,1475.35,8
Unknown,9724550,1475.25,6
Unknown,9957493,1475.2,2
Unknown,9554331,1475.19,2
Unknown,9956396,1474.91,26
Unknown,9849915,1474.84,69
Unknown,9850983,1474.73,2
Unknown,9729085,1474.69,2
Unknown,2310427,1474.65,4
Unknown,8474193,1474.61,2
Unknown,9938413,1474.5,12
Unknown,10026779,1474.37,1
Unknown,9751816,1474.35,10
Gaimin Gladiators,8599101,1474.29,32
Unknown,9651185,1474.21,73
Unknown,9781830,1473.81,11
Unknown,9476995,1473.81,2
Unknown,10047570,1473.75,2
Unknown,9710806,1473.66,23
Unknown,9081369,1473.48,36
Unknown,7642015,1473.1,6
Unknown,9577761,1473.09,21
Unknown,9938134,1473.08,4
Unknown,9844146,1472.28,4
Unknown,2520299,1472.27,4
Unknown,10047536,1472.2,2
Unknown,9964883,1472.14,2
Unknown,8193994,1472.1,14
Unknown,9927516,1471.89,2
Unknown,10014526,1471.8,4
Unknown,9670922,1471.78,2
Unknown,9956278,1471.66,8
Unknown,9724713,1471.38,16
Unknown,10020402,1471.3,2
Unknown,9905420,1471.26,2
Unknown,9824079,1471.11,12
Unknown,9956872,1471.1,6
Unknown,9850338,1470.87,2
Unknown,9855438,1470.86,4
Unknown,9698457,1470.84,2
Unknown,9200700,1470.81,4
Unknown,9286811,1470.8,2
Unknown,9345998,1470.79,2
Unknown,9884389,1470.78,4
Unknown,9774230,1470.72,4
Unknown,10053526,1470.63,2
Unknown,9825381,1470.32,17
Unknown,9872363,1470.29,2
Unknown,8795158,1470.17,2
Unknown,9765675,1470.14,2
Unknown,9885271,1470.11,2
Unknown,9844320,1470.1,13
Unknown,9844164,1470.09,2
Unknown,9438228,1470.04,10
Unknown,9867092,1470.0,2
Unknown,10060924,1469.94,2
Unknown,9939413,1469.78,2
Unknown,2267859,1469.76,6
Unknown,9904442,1469.75,12
Unknown,9939609,1469.6,2
Unknown,10007878,1469.6,8
Unknown,9828954,1469.57,6
Unknown,9819380,1469.56,6
Unknown,7470427,1469.48,4
Unknown,9323845,1469.47,2
Unknown,1811738,1469.47,2
Unknown,9652753,1469.47,2
Unknown,9646057,1469.47,2
Unknown,9683062,1469.47,2
Unknown,9956474,1469.47,2
Unknown,9570194,1469.47,2
Unknown,10027459,1469.47,2
Unknown,10061071,1469.47,2
Unknown,9988232,1469.44,2
Unknown,8281811,1469.44,2
Unknown,3493083,1469.4,2
Unknown,10026695,1469.38,2
Unknown,9981910,1468.95,2
Unknown,9965086,1468.84,2
Unknown,9304140,1468.8,2
Unknown,8501098,1468.8,2
Unknown,7161723,1468.77,2
Unknown,9929892,1468.77,2
Unknown,5897919,1468.74,2
Unknown,5270085,1468.74,4
Unknown,9878444,1468.74,2
Unknown,9907123,1468.74,2
Unknown,2405833,1468.74,2
Unknown,10014323,1468.74,2
Unknown,10014376,1468.74,2
Unknown,8691372,1468.74,2
Unknown,10019949,1468.74,2
Unknown,10047486,1468.74,2
Unknown,10075147,1468.74,2
Unknown,9375234,1468.74,2
Unknown,9456689,1468.69,13
Unknown,10008012,1468.6,4
Unknown,10020041,1468.6,2
Unknown,10000167,1468.32,6
Unknown,10001733,1468.29,17
Unknown,9832935,1468.2,10
Unknown,9878911,1468.16,41
Unknown,9939500,1468.03,2
Unknown,1642057,1468.0,2
Unknown,9907069,1468.0,2
Unknown,10013957,1468.0,2
Unknown,10013300,1468.0,2
Unknown,9966315,1467.97,2
Unknown,9602009,1467.97,2
Unknown,10068848,1467.97,2
Unknown,9877390,1467.91,2
Unknown,2643363,1467.88,2
Unknown,9467025,1467.84,12
Unknown,9839044,1467.84,15
Unknown,10020213,1467.73,2
Unknown,10019782,1467.57,2
Unknown,10020349,1467.45,2
Unknown,9956713,1467.28,2
Unknown,9964919,1467.25,2
Unknown,9580103,1466.97,2
Unknown,9894870,1466.8,2
Unknown,10075105,1466.48,8
Unknown,9834545,1466.39,12
Unknown,2145977,1466.39,2
Unknown,9895027,1466.37,2
Unknown,9724293,1466.07,2
Unknown,9926444,1466.02,2
Unknown,10075008,1465.96,18
Unknown,9879350,1465.88,2
Unknown,9634766,1465.82,7
Unknown,10034026,1465.82,6
Unknown,9828846,1465.4,14
Unknown,10054580,1465.4,2
Unknown,10039783,1465.23,6
Unknown,9530295,1465.01,7
Unknown,9956831,1464.98,18
Unknown,8849850,1464.75,106
Unknown,9838945,1464.75,24
Unknown,9361469,1464.6,16
Unknown,8608262,1464.52,9
Unknown,9956255,1464.46,2
Unknown,9895564,1464.31,7
Unknown,9928428,1464.27,17
Unknown,9743852,1464.13,3
Unknown,9717281,1464.12,4
Unknown,9744629,1464.08,6
Unknown,9478194,1463.88,11
Unknown,10061030,1463.84,3
Unknown,9751050,1463.38,7
Unknown,10028056,1463.37,21
Unknown,8040483,1463.28,3
Unknown,9798691,1463.24,15
Unknown,10047415,1463.19,5
Unknown,9839063,1463.16,14
Unknown,9845417,1462.82,3
Unknown,9948304,1462.79,2
Unknown,9917087,1461.77,5
Unknown,9843904,1461.42,32
Unknown,8850015,1461.29,227
Unknown,9866136,1460.92,9
Unknown,9956660,1460.82,4
Unknown,9797883,1460.74,26
Unknown,9964531,1460.48,5
Unknown,9829143,1460.3,11
Unknown,9818999,1460.08,5
Unknown,9753675,1459.71,38
Unknown,9834059,1459.42,3
Unknown,9939455,1459.34,5
Unknown,9232161,1459.31,9
Unknown,9894868,1458.8,20
Unknown,9997061,1458.48,11
Unknown,9964674,1458.44,5
Unknown,8795167,1458.33,5
Unknown,9538558,1458.1,70
Unknown,2098192,1458.02,5
Unknown,9562129,1457.98,3
Unknown,9904489,1457.38,5
Unknown,9840188,1457.27,14
Unknown,10075250,1457.07,12
Unknown,10088014,1457.07,9
Unknown,10020128,1456.96,16
Unknown,9767471,1456.88,3
Unknown,9811852,1456.83,3
Unknown,9844318,1456.8,12
Unknown,9843821,1456.3,9
Unknown,10041636,1455.8,3
Unknown,9965265,1455.61,17
Unknown,10000479,1455.56,13
Unknown,9814269,1455.51,1047
Unknown,9906572,1454.97,13
Unknown,9897071,1454.94,5
Unknown,9580329,1454.91,3
Unknown,7249732,1454.9,3
Unknown,8795273,1454.88,3
Unknown,9973599,1454.68,3
Unknown,9828793,1454.17,3
Unknown,9904454,1454.17,5
Unknown,9980758,1454.17,3
Unknown,9988253,1454.08,3
Unknown,9964995,1453.65,12
Unknown,10041296,1453.51,8
Unknown,9894879,1453.26,3
Unknown,9722899,1453.25,134
Unknown,9339581,1452.9,8
Unknown,1944666,1452.74,3
Unknown,9156422,1452.74,3
Unknown,9783842,1452.68,3
Unknown,8623207,1452.62,5
Unknown,8376696,1452.61,13
Unknown,9885315,1452.38,38
Unknown,10053545,1452.32,13
Unknown,10040639,1452.22,6
Unknown,9455282,1452.19,3
Unknown,9580306,1451.83,59
Unknown,9710443,1451.73,68
Unknown,10027925,1451.5,26
Unknown,10034132,1451.33,5
Unknown,9896157,1451.19,58
Unknown,9784780,1450.91,22
Unknown,9957005,1450.31,9
Unknown,9878122,1449.52,8
Unknown,8970060,1449.16,118
Unknown,9981139,1448.98,4
Unknown,9722892,1448.62,12
Unknown,9729342,1448.53,88
Unknown,10061442,1448.09,6
Unknown,9851035,1447.61,14
Unknown,9849533,1447.47,8
Unknown,9641035,1447.06,4
Unknown,10060351,1446.27,4
Unknown,9798986,1445.61,9
Unknown,9697891,1445.24,4
Unknown,9828921,1444.48,246
Unknown,9736246,1444.1,6
Unknown,9798717,1443.97,4
Unknown,9471435,1443.59,12
Unknown,9917735,1443.59,4
Unknown,10040864,1443.52,5
Unknown,10020042,1443.45,10
Unknown,8320272,1443.04,4
Unknown,9745590,1442.92,32
Unknown,9691861,1442.92,4
Shopify Rebellion,39,1442.7,6
Unknown,9894425,1442.68,8
Unknown,9956949,1442.36,4
Unknown,9048057,1442.35,311
Unknown,9545460,1441.68,4
Unknown,9835032,1441.6,4
Unknown,9587688,1441.6,4
Unknown,9895350,1441.12,29
Unknown,9156936,1440.79,6
Unknown,9621580,1440.73,6
Unknown,9957140,1440.58,4
Unknown,9844911,1440.54,19
Unknown,9691225,1440.47,6
Unknown,9640697,1440.43,4
Unknown,9783844,1440.14,4
Unknown,9731241,1440.01,10
Unknown,10001739,1439.88,4
Unknown,9338738,1438.9,7
Unknown,9938414,1438.79,4
Unknown,10088079,1438.76,10
Unknown,9997040,1438.49,8
Unknown,9768472,1437.78,65
Unknown,9855045,1437.72,44
Unknown,9834421,1437.6,17
Unknown,9829765,1437.57,4
Unknown,7155747,1437.54,6
Unknown,9493513,1437.2,19
Unknown,9878581,1436.76,4
Unknown,9867001,1436.62,4
Unknown,9729267,1435.2,14
Unknown,9766265,1434.34,9
Unknown,9482251,1434.22,10
Unknown,10009033,1434.02,5
Unknown,9098294,1432.5,239
Unknown,9830221,1432.15,9
Unknown,9949123,1431.81,5
Unknown,8799137,1431.43,11
Unknown,10019997,1430.81,6
Unknown,9957175,1430.54,7
Unknown,9849459,1429.73,9
Unknown,10088081,1429.64,7
Unknown,10047709,1429.51,35
Unknown,9829449,1429.41,10
Unknown,9691895,1427.75,5
Unknown,9844096,1426.26,21
Unknown,10000086,1426.17,13
Unknown,9844035,1425.73,12
Unknown,9819656,1424.68,82
Unknown,10027435,1423.54,4
Unknown,9996233,1423.32,4
Unknown,10088400,1422.93,9
Unknown,9773195,1421.67,58
Unknown,9834076,1421.43,8
Unknown,9928403,1421.43,16
Unknown,9866907,1421.32,15
Unknown,9820028,1421.21,6
Unknown,9824381,1421.16,38
Unknown,9768002,1420.43,977
Unknown,9646211,1420.14,5
Unknown,9879307,1419.3,67
Unknown,9956691,1418.84,6
Unknown,9886449,1418.22,11
Unknown,9798854,1417.61,10
Unknown,9956417,1416.02,6
Unknown,9026338,1415.36,15
Unknown,9467256,1414.76,23
Unknown,10041315,1413.89,32
Unknown,9824733,1413.41,24
Unknown,9729351,1412.78,46
Unknown,9885928,1412.26,37
Unknown,10088094,1411.78,6
Unknown,8936613,1411.73,178
Unknown,9444076,1411.39,15
Unknown,8849990,1411.03,233
Unknown,9829371,1410.88,11
Unknown,9814016,1410.7,11
Unknown,9997059,1410.02,6
Unknown,8124644,1409.8,6
Unknown,9572165,1409.69,28
Unknown,9209455,1409.08,12
Unknown,9538442,1408.21,26
Unknown,9895544,1408.01,69
Unknown,9505264,1405.04,13
Unknown,9906663,1402.35,8
Unknown,9839289,1402.12,10
Unknown,9790362,1401.88,13
Unknown,9677721,1401.17,32
Unknown,9839101,1401.07,16
Unknown,9958028,1398.26,8
Unknown,9819488,1398.16,16
Unknown,9467244,1397.85,12
Unknown,9972930,1394.74,14
Unknown,9839300,1390.76,10
Unknown,9572147,1388.64,45
Unknown,9530716,1388.18,149
Unknown,9849843,1385.69,9
Unknown,9895695,1384.26,11
Unknown,9906058,1383.44,22
Unknown,9781620,1381.11,10
Unknown,7626304,1380.43,12
Unknown,9736508,1380.0,20
Unknown,9849424,1379.93,12
Unknown,9798933,1378.19,133
Unknown,10020448,1374.81,26
Unknown,9578921,1374.63,18
Unknown,9759026,1372.88,139
Unknown,10028038,1369.09,27
Unknown,10048017,1368.19,14
Unknown,9600432,1363.54,24
Unknown,9499402,1358.56,15
Unknown,9256405,1358.29,83
Unknown,9886289,1356.6,54
Unknown,10047487,1355.38,29
Unknown,9948367,1349.44,131
Unknown,2443375,1347.84,1010
Unknown,9586122,1342.88,184
Unknown,10060977,1341.83,44
Unknown,9894442,1338.18,39
Unknown,9658086,1333.51,37
Unknown,8843862,1322.39,23
Unknown,9839298,1295.49,17
Unknown,9886393,1287.38,103
Unknown,9939386,1276.93,52
